{
  "ec_accuracy": 0.8904469609260559,
  "loc_accuracy": 0.9193689823150635,
  "func_accuracy": 0.8755477666854858
}