{
  "algorithm": "MultitaskMLP",
  "encoding": "esm2",
  "input_dim": 320,
  "task_dims": {
    "ec": 7,
    "localization": 8,
    "function": 6
  },
  "epochs": 300,
  "batch_size": 64,
  "learning_rate": 0.0005,
  "train_samples": 5374,
  "val_samples": 1792,
  "test_samples": 1792,
  "test_results": {
    "ec": {
      "accuracy": 0.9793526785714286,
      "f1_macro": 0.9665708881912697,
      "f1_weighted": 0.9794274529974276
    },
    "localization": {
      "accuracy": 0.9547991071428571,
      "f1_macro": 0.4762267123417287,
      "f1_weighted": 0.9612131295732239
    },
    "function": {
      "accuracy": 0.9815848214285714,
      "f1_macro": 0.8533065740687499,
      "f1_weighted": 0.9831150621447259
    }
  },
  "train_time": 23.0583336353302
}