{
  "ec_accuracy": 0.8124452234881683,
  "loc_accuracy": 0.8773006134969326,
  "func_accuracy": 0.782646801051709
}