{
  "ec": {
    "accuracy": 0.8212094653812445,
    "precision_weighted": 0.8331710472267273,
    "recall_weighted": 0.8212094653812445,
    "f1_weighted": 0.8220098223511803,
    "precision_macro": 0.758801053854608,
    "recall_macro": 0.7591647466787814,
    "f1_macro": 0.7520426751413349,
    "confusion_matrix": [
      [
        102,
        5,
        4,
        6,
        3,
        7,
        0
      ],
      [
        9,
        102,
        3,
        12,
        7,
        17,
        0
      ],
      [
        6,
        13,
        117,
        8,
        2,
        19,
        1
      ],
      [
        2,
        7,
        3,
        43,
        6,
        11,
        2
      ],
      [
        5,
        3,
        11,
        7,
        59,
        9,
        0
      ],
      [
        3,
        0,
        0,
        2,
        2,
        108,
        0
      ],
      [
        0,
        1,
        1,
        1,
        1,
        5,
        406
      ]
    ],
    "per_class": {
      "EC1": {
        "precision": 0.8031496062992126,
        "recall": 0.8031496062992126,
        "f1-score": 0.8031496062992126,
        "support": 127.0
      },
      "EC2": {
        "precision": 0.7786259541984732,
        "recall": 0.68,
        "f1-score": 0.7259786476868327,
        "support": 150.0
      },
      "EC3": {
        "precision": 0.841726618705036,
        "recall": 0.7048192771084337,
        "f1-score": 0.7672131147540984,
        "support": 166.0
      },
      "EC4": {
        "precision": 0.5443037974683544,
        "recall": 0.581081081081081,
        "f1-score": 0.5620915032679739,
        "support": 74.0
      },
      "EC5": {
        "precision": 0.7375,
        "recall": 0.6276595744680851,
        "f1-score": 0.6781609195402298,
        "support": 94.0
      },
      "EC6": {
        "precision": 0.6136363636363636,
        "recall": 0.9391304347826087,
        "f1-score": 0.7422680412371134,
        "support": 115.0
      },
      "EC7": {
        "precision": 0.9926650366748166,
        "recall": 0.9783132530120482,
        "f1-score": 0.9854368932038835,
        "support": 415.0
      },
      "accuracy": 0.8212094653812445,
      "macro avg": {
        "precision": 0.758801053854608,
        "recall": 0.7591647466787814,
        "f1-score": 0.7520426751413349,
        "support": 1141.0
      },
      "weighted avg": {
        "precision": 0.8331710472267273,
        "recall": 0.8212094653812445,
        "f1-score": 0.8220098223511803,
        "support": 1141.0
      }
    }
  },
  "loc": {
    "accuracy": 0.8974583698510079,
    "precision_weighted": 0.9002510993108557,
    "recall_weighted": 0.8974583698510079,
    "f1_weighted": 0.8965810444738367,
    "precision_macro": 0.8645476924279917,
    "recall_macro": 0.8628627333853093,
    "f1_macro": 0.8610506919609835,
    "confusion_matrix": [
      [
        362,
        11,
        4,
        10,
        2
      ],
      [
        11,
        399,
        1,
        1,
        9
      ],
      [
        15,
        27,
        158,
        5,
        1
      ],
      [
        8,
        3,
        1,
        44,
        1
      ],
      [
        5,
        1,
        1,
        0,
        61
      ]
    ],
    "per_class": {
      "Cytoplasm": {
        "precision": 0.9027431421446384,
        "recall": 0.9305912596401028,
        "f1-score": 0.9164556962025316,
        "support": 389.0
      },
      "Membrane": {
        "precision": 0.9047619047619048,
        "recall": 0.9477434679334917,
        "f1-score": 0.925754060324826,
        "support": 421.0
      },
      "Mitochondria": {
        "precision": 0.9575757575757575,
        "recall": 0.7669902912621359,
        "f1-score": 0.8517520215633423,
        "support": 206.0
      },
      "Nucleus": {
        "precision": 0.7333333333333333,
        "recall": 0.7719298245614035,
        "f1-score": 0.7521367521367521,
        "support": 57.0
      },
      "Secreted": {
        "precision": 0.8243243243243243,
        "recall": 0.8970588235294118,
        "f1-score": 0.8591549295774648,
        "support": 68.0
      },
      "accuracy": 0.8974583698510079,
      "macro avg": {
        "precision": 0.8645476924279917,
        "recall": 0.8628627333853093,
        "f1-score": 0.8610506919609835,
        "support": 1141.0
      },
      "weighted avg": {
        "precision": 0.9002510993108557,
        "recall": 0.8974583698510079,
        "f1-score": 0.8965810444738367,
        "support": 1141.0
      }
    }
  },
  "func": {
    "accuracy": 0.5652936021034181,
    "precision_weighted": 0.571508264337972,
    "recall_weighted": 0.5652936021034181,
    "f1_weighted": 0.5147552012846104,
    "precision_macro": 0.4053531882259215,
    "recall_macro": 0.25111314083227665,
    "f1_macro": 0.27717445058228746,
    "confusion_matrix": [
      [
        10,
        10,
        0,
        3,
        0,
        0,
        0,
        0,
        0,
        0,
        0,
        0,
        0,
        0,
        0,
        0
      ],
      [
        48,
        492,
        3,
        0,
        0,
        1,
        0,
        1,
        7,
        0,
        5,
        0,
        0,
        0,
        1,
        0
      ],
      [
        0,
        0,
        0,
        0,
        0,
        0,
        0,
        0,
        0,
        0,
        0,
        0,
        0,
        0,
        0,
        0
      ],
      [
        3,
        19,
        2,
        2,
        0,
        0,
        0,
        0,
        0,
        0,
        0,
        0,
        0,
        0,
        2,
        0
      ],
      [
        0,
        24,
        0,
        0,
        14,
        0,
        0,
        1,
        1,
        0,
        0,
        0,
        0,
        0,
        0,
        0
      ],
      [
        0,
        6,
        0,
        0,
        0,
        0,
        0,
        0,
        0,
        0,
        0,
        0,
        0,
        0,
        0,
        0
      ],
      [
        0,
        26,
        0,
        0,
        0,
        0,
        0,
        0,
        0,
        0,
        0,
        0,
        0,
        0,
        0,
        0
      ],
      [
        1,
        1,
        0,
        0,
        0,
        0,
        0,
        1,
        0,
        0,
        0,
        0,
        0,
        0,
        0,
        0
      ],
      [
        0,
        56,
        0,
        1,
        0,
        0,
        0,
        0,
        23,
        0,
        1,
        0,
        0,
        0,
        1,
        0
      ],
      [
        0,
        10,
        0,
        0,
        1,
        0,
        0,
        0,
        3,
        0,
        0,
        0,
        0,
        0,
        0,
        0
      ],
      [
        0,
        96,
        0,
        0,
        0,
        0,
        0,
        0,
        9,
        0,
        66,
        0,
        0,
        0,
        0,
        0
      ],
      [
        0,
        5,
        0,
        0,
        0,
        0,
        0,
        0,
        0,
        0,
        0,
        11,
        0,
        0,
        0,
        0
      ],
      [
        2,
        17,
        0,
        0,
        0,
        0,
        0,
        0,
        0,
        0,
        0,
        0,
        7,
        0,
        1,
        0
      ],
      [
        0,
        1,
        0,
        0,
        0,
        0,
        0,
        0,
        0,
        0,
        0,
        0,
        0,
        0,
        0,
        0
      ],
      [
        0,
        35,
        0,
        0,
        0,
        0,
        0,
        0,
        3,
        0,
        0,
        0,
        0,
        0,
        19,
        0
      ],
      [
        19,
        69,
        0,
        0,
        0,
        0,
        0,
        0,
        1,
        0,
        0,
        0,
        0,
        0,
        0,
        0
      ]
    ],