{
  "ec": {
    "accuracy": 0.8282208588957055,
    "precision_weighted": 0.8347194506079216,
    "recall_weighted": 0.8282208588957055,
    "f1_weighted": 0.8271974957802387,
    "precision_macro": 0.7709434209591386,
    "recall_macro": 0.7633557296094374,
    "f1_macro": 0.7604119243851112,
    "confusion_matrix": [
      [
        95,
        4,
        6,
        5,
        8,
        7,
        2
      ],
      [
        8,
        108,
        4,
        4,
        8,
        16,
        2
      ],
      [
        5,
        15,
        125,
        4,
        5,
        11,
        1
      ],
      [
        6,
        2,
        4,
        38,
        11,
        13,
        0
      ],
      [
        6,
        2,
        13,
        1,
        65,
        6,
        1
      ],
      [
        3,
        0,
        0,
        1,
        3,
        108,
        0
      ],
      [
        0,
        2,
        2,
        0,
        1,
        4,
        406
      ]
    ],
    "per_class": {
      "EC1": {
        "precision": 0.7723577235772358,
        "recall": 0.7480314960629921,
        "f1-score": 0.76,
        "support": 127.0
      },
      "EC2": {
        "precision": 0.8120300751879699,
        "recall": 0.72,
        "f1-score": 0.7632508833922261,
        "support": 150.0
      },
      "EC3": {
        "precision": 0.8116883116883117,
        "recall": 0.7530120481927711,
        "f1-score": 0.78125,
        "support": 166.0
      },
      "EC4": {
        "precision": 0.7169811320754716,
        "recall": 0.5135135135135135,
        "f1-score": 0.5984251968503937,
        "support": 74.0
      },
      "EC5": {
        "precision": 0.6435643564356436,
        "recall": 0.6914893617021277,
        "f1-score": 0.6666666666666666,
        "support": 94.0
      },
      "EC6": {
        "precision": 0.6545454545454545,
        "recall": 0.9391304347826087,
        "f1-score": 0.7714285714285715,
        "support": 115.0
      },
      "EC7": {
        "precision": 0.9854368932038835,
        "recall": 0.9783132530120482,
        "f1-score": 0.9818621523579202,
        "support": 415.0
      },
      "accuracy": 0.8282208588957055,
      "macro avg": {
        "precision": 0.7709434209591386,
        "recall": 0.7633557296094374,
        "f1-score": 0.7604119243851112,
        "support": 1141.0
      },
      "weighted avg": {
        "precision": 0.8347194506079216,
        "recall": 0.8282208588957055,
        "f1-score": 0.8271974957802387,
        "support": 1141.0
      }
    }
  },
  "loc": {
    "accuracy": 0.9000876424189308,
    "precision_weighted": 0.9038931110624556,
    "recall_weighted": 0.9000876424189308,
    "f1_weighted": 0.8993316916765198,
    "precision_macro": 0.8713453711732075,
    "recall_macro": 0.8734217507949762,
    "f1_macro": 0.8692327470498041,
    "confusion_matrix": [
      [
        361,
        13,
        4,
        10,
        1
      ],
      [
        8,
        401,
        2,
        1,
        9
      ],
      [
        11,
        32,
        157,
        5,
        1
      ],
      [
        3,
        4,
        1,
        48,
        1
      ],
      [
        4,
        4,
        0,
        0,
        60
      ]
    ],
    "per_class": {
      "Cytoplasm": {
        "precision": 0.9328165374677002,
        "recall": 0.9280205655526992,
        "f1-score": 0.9304123711340206,
        "support": 389.0
      },
      "Membrane": {
        "precision": 0.8832599118942731,
        "recall": 0.9524940617577197,
        "f1-score": 0.9165714285714286,
        "support": 421.0
      },
      "Mitochondria": {
        "precision": 0.9573170731707317,
        "recall": 0.7621359223300971,
        "f1-score": 0.8486486486486486,
        "support": 206.0
      },
      "Nucleus": {
        "precision": 0.75,
        "recall": 0.8421052631578947,
        "f1-score": 0.7933884297520661,
        "support": 57.0
      },
      "Secreted": {
        "precision": 0.8333333333333334,
        "recall": 0.8823529411764706,
        "f1-score": 0.8571428571428571,
        "support": 68.0
      },
      "accuracy": 0.9000876424189308,
      "macro avg": {
        "precision": 0.8713453711732075,
        "recall": 0.8734217507949762,
        "f1-score": 0.8692327470498041,
        "support": 1141.0
      },
      "weighted avg": {
        "precision": 0.9038931110624556,
        "recall": 0.9000876424189308,
        "f1-score": 0.8993316916765198,
        "support": 1141.0
      }
    }
  },
  "func": {
    "accuracy": 0.7808939526730938,
    "precision_weighted": 0.7826060131270288,
    "recall_weighted": 0.7808939526730938,
    "f1_weighted": 0.772615667329955,
    "precision_macro": 0.6520183725245914,
    "recall_macro": 0.5591867146234574,
    "f1_macro": 0.5765697026510047,
    "confusion_matrix": [
      [
        12,
        6,
        1,
        1,
        0,
        0,
        1,
        1,
        0,
        1,
        0,
        0,
        0,
        0,
        0
      ],
      [
        6,
        495,
        2,
        5,
        1,
        10,
        1,
        9,
        2,
        8,
        1,
        0,
        0,
        13,
        5
      ],
      [
        6,
        11,
        5,
        1,
        0,
        0,
        2,
        2,
        0,
        0,
        0,
        0,
        0,
        1,
        0
      ],
      [
        1,
        9,
        0,
        28,
        0,
        0,
        0,
        1,
        0,
        0,
        0,
        1,
        0,
        0,
        0
      ],
      [
        0,
        5,
        0,
        0,
        1,
        0,
        0,
        0,
        0,
        0,
        0,
        0,
        0,
        0,
        0
      ],
      [
        0,
        4,
        0,
        0,
        0,
        22,
        0,
        0,
        0,
        0,
        0,
        0,
        0,
        0,
        0
      ],
      [
        0,
        1,
        0,
        0,
        0,
        0,
        2,
        0,
        0,
        0,
        0,
        0,
        0,
        0,
        0
      ],
      [
        0,
        28,
        0,
        0,
        0,
        1,
        0,
        49,
        0,
        2,
        0,
        0,
        0,
        2,
        0
      ],
      [
        0,
        7,
        0,
        1,
        0,
        0,
        0,
        0,
        6,
        0,
        0,
        0,
        0,
        0,
        0
      ],
      [
        0,
        23,
        0,
        1,
        0,
        0,
        0,
        5,
        0,
        137,
        0,
        0,
        0,
        1,
        4
      ],
      [
        0,
        5,
        0,
        0,
        0,
        0,
        0,
        0,
        0,
        0,
        11,
        0,
        0,
        0,
        0
      ],
      [
        0,
        14,
        0,
        0,
        0,
        0,
        0,
        0,
        0,
        0,
        0,
        12,
        0,
        1,
        0
      ],
      [
        0,
        1,
        0,
        0,
        0,
        0,
        0,
        0,
        0,
        0,
        0,
        0,
        0,
        0,
        0
      ],
      [
        0,
        19,
        0,
        0,
        0,
        0,
        0,
        2,
        0,
        1,
        0,
        1,
        0,
        34,
        0
      ],
      [
        0,
        10,
        0,
        0,
        0,
        0,
        1,
        0,
        0,
        0,
        0,
        0,
        0,
        1,
        77
      ]
    ],
    "per_class": {
      "ATPase": {
        "precision": 0.48,
        "recall": 0.5217391304347826,
        "f1-score": 0.5,
        "support": 23.0
      },
      "Binding": {
        "precision": 0.7758620689655172,
        "recall": 0.8870967741935484,
        "f1-score": 0.8277591973244147,
        "support": 558.0
      },
      "Hydrolase": {
        "precision": 0.625,
        "recall": 0.17857142857142858,