{
  "ec": {
    "accuracy": 0.7055214723926381,
    "precision_weighted": 0.7266802526070862,
    "recall_weighted": 0.7055214723926381,
    "f1_weighted": 0.6890497834928886,
    "precision_macro": 0.6737230312028398,
    "recall_macro": 0.5885959242738309,
    "f1_macro": 0.5828162651601401,
    "confusion_matrix": [
      [
        69,
        10,
        21,
        1,
        6,
        12,
        8
      ],
      [
        6,
        67,
        22,
        1,
        7,
        28,
        19
      ],
      [
        1,
        18,
        110,
        0,
        2,
        23,
        12
      ],
      [
        7,
        5,
        11,
        10,
        12,
        29,
        0
      ],
      [
        4,
        3,
        24,
        1,
        44,
        17,
        1
      ],
      [
        1,
        5,
        3,
        0,
        1,
        103,
        2
      ],
      [
        0,
        1,
        5,
        0,
        0,
        7,
        402
      ]
    ],
    "per_class": {
      "EC1": {
        "precision": 0.7840909090909091,
        "recall": 0.5433070866141733,
        "f1-score": 0.641860465116279,
        "support": 127.0
      },
      "EC2": {
        "precision": 0.6146788990825688,
        "recall": 0.44666666666666666,
        "f1-score": 0.5173745173745173,
        "support": 150.0
      },
      "EC3": {
        "precision": 0.5612244897959183,
        "recall": 0.6626506024096386,
        "f1-score": 0.6077348066298343,
        "support": 166.0
      },
      "EC4": {
        "precision": 0.7692307692307693,
        "recall": 0.13513513513513514,
        "f1-score": 0.22988505747126436,
        "support": 74.0
      },
      "EC5": {
        "precision": 0.6111111111111112,
        "recall": 0.46808510638297873,
        "f1-score": 0.5301204819277109,
        "support": 94.0
      },
      "EC6": {
        "precision": 0.4703196347031963,
        "recall": 0.8956521739130435,
        "f1-score": 0.6167664670658682,
        "support": 115.0
      },
      "EC7": {
        "precision": 0.9054054054054054,
        "recall": 0.9686746987951808,
        "f1-score": 0.9359720605355064,
        "support": 415.0
      },
      "accuracy": 0.7055214723926381,
      "macro avg": {
        "precision": 0.6737230312028398,
        "recall": 0.5885959242738309,
        "f1-score": 0.5828162651601401,
        "support": 1141.0
      },
      "weighted avg": {
        "precision": 0.7266802526070862,
        "recall": 0.7055214723926381,
        "f1-score": 0.6890497834928886,
        "support": 1141.0
      }
    }
  },
  "loc": {
    "accuracy": 0.7949167397020158,
    "precision_weighted": 0.8244468412107363,
    "recall_weighted": 0.7949167397020158,
    "f1_weighted": 0.783965991218995,
    "precision_macro": 0.8255038170137989,
    "recall_macro": 0.757361306601825,
    "f1_macro": 0.7629252503034284,
    "confusion_matrix": [
      [
        335,
        39,
        0,
        14,
        1
      ],
      [
        26,
        386,
        0,
        5,
        4
      ],
      [
        33,
        79,
        87,
        7,
        0
      ],
      [
        2,
        9,
        0,
        46,
        0
      ],
      [
        3,
        12,
        0,
        0,
        53
      ]
    ],
    "per_class": {
      "Cytoplasm": {
        "precision": 0.8395989974937343,
        "recall": 0.8611825192802056,
        "f1-score": 0.850253807106599,
        "support": 389.0
      },
      "Membrane": {
        "precision": 0.7352380952380952,
        "recall": 0.9168646080760094,
        "f1-score": 0.8160676532769556,
        "support": 421.0
      },
      "Mitochondria": {
        "precision": 1.0,
        "recall": 0.4223300970873786,
        "f1-score": 0.5938566552901023,
        "support": 206.0
      },
      "Nucleus": {
        "precision": 0.6388888888888888,
        "recall": 0.8070175438596491,
        "f1-score": 0.7131782945736435,
        "support": 57.0
      },
      "Secreted": {
        "precision": 0.9137931034482759,
        "recall": 0.7794117647058824,
        "f1-score": 0.8412698412698413,
        "support": 68.0
      },
      "accuracy": 0.7949167397020158,
      "macro avg": {
        "precision": 0.8255038170137989,
        "recall": 0.757361306601825,
        "f1-score": 0.7629252503034284,
        "support": 1141.0
      },
      "weighted avg": {
        "precision": 0.8244468412107363,
        "recall": 0.7949167397020158,
        "f1-score": 0.783965991218995,
        "support": 1141.0
      }
    }
  },
  "func": {
    "accuracy": 0.6652059596844873,
    "precision_weighted": 0.7587408103619403,
    "recall_weighted": 0.6652059596844873,
    "f1_weighted": 0.5926869881387049,
    "precision_macro": 0.666229811163366,
    "recall_macro": 0.25103122871912364,
    "f1_macro": 0.2874612985378852,
    "confusion_matrix": [
      [
        562,
        0,
        1,
        0,
        0,
        0,
        0,
        0,
        1,
        0,
        0,
        0,
        0,
        17
      ],
      [
        27,
        1,
        0,
        0,
        0,
        0,
        0,
        0,
        0,
        0,
        0,
        0,
        0,
        0
      ],
      [
        25,
        0,
        15,
        0,
        0,
        0,
        0,
        0,
        0,
        0,
        0,
        0,
        0,
        0
      ],
      [
        6,
        0,
        0,
        0,
        0,
        0,
        0,
        0,
        0,
        0,
        0,
        0,
        0,
        0
      ],
      [
        23,
        0,
        0,
        0,
        3,
        0,
        0,
        0,
        0,
        0,
        0,
        0,
        0,
        0
      ],
      [
        3,
        0,
        0,
        0,
        0,
        0,
        0,
        0,
        0,
        0,
        0,
        0,
        0,
        0
      ],
      [
        79,
        0,
        0,
        0,
        0,
        0,
        2,
        0,
        1,
        0,
        0,
        0,
        0,
        0
      ],
      [
        14,
        0,
        0,
        0,
        0,
        0,
        0,
        0,
        0,
        0,
        0,
        0,
        0,
        0
      ],
      [
        77,
        0,
        0,
        0,
        0,
        0,
        0,
        0,
        94,
        0,
        0,
        0,
        0,
        0
      ],
      [
        7,
        0,
        0,
        0,
        0,
        0,
        0,
        0,
        0,
        9,
        0,
        0,
        0,
        0
      ],
      [
        25,
        0,
        0,
        0,
        0,
        0,
        0,
        0,
        0,
        0,
        2,
        0,
        0,
        0
      ],
      [
        1,
        0,
        0,
        0,
        0,
        0,
        0,
        0,
        0,
        0,
        0,
        0,
        0,
        0
      ],
      [
        55,
        0,
        0,
        0,
        0,
        0,
        0,
        0,
        0,
        0,
        0,
        0,
        2,
        0
      ],
      [
        20,
        0,
        0,
        0,
        0,
        0,
        0,
        0,
        0,
        0,
        0,
        0,
        0,
        69
      ]
    ],
    "per_class": {
      "Binding": {
        "precision": 0.6082251082251082,
        "recall": 0.9672977624784854,
        "f1-score": 0.746843853820598,
        "support": 581.0
      },
      "Hydrolase": {
        "precision": 1.0,
        "recall": 0.03571428571428571,
        "f1-score": 0.06896551724137931,
        "support": 28.0
      },
      "Isomerase": {
        "precision": 0.9375,
        "recall": 0.375,
        "f1-score": 0.5357142857142857,
        "support": 40.0
      },
      "Kinase": {
        "precision": 0.0,
        "recall": 0.0,
        "f1-score": 0.0,
        "support": 6.0
      },
      "Ligase": {
        "precision": 1.0,
        "recall": 0.11538461538461539,