{
  "ec": {
    "accuracy": 0.7239263803680982,
    "precision_weighted": 0.7316141812559728,
    "recall_weighted": 0.7239263803680982,
    "f1_weighted": 0.7111080619786238,
    "precision_macro": 0.6640080645254293,
    "recall_macro": 0.6147678888223211,
    "f1_macro": 0.6121728373105145,
    "confusion_matrix": [
      [
        66,
        6,
        21,
        1,
        10,
        15,
        8
      ],
      [
        6,
        80,
        11,
        2,
        9,
        28,
        14
      ],
      [
        6,
        15,
        114,
        0,
        4,
        15,
        12
      ],
      [
        8,
        5,
        6,
        16,
        11,
        25,
        3
      ],
      [
        1,
        4,
        25,
        5,
        44,
        12,
        3
      ],
      [
        2,
        0,
        2,
        2,
        2,
        105,
        2
      ],
      [
        0,
        2,
        6,
        0,
        1,
        5,
        401
      ]
    ],
    "per_class": {
      "EC1": {
        "precision": 0.7415730337078652,
        "recall": 0.5196850393700787,
        "f1-score": 0.6111111111111112,
        "support": 127.0
      },
      "EC2": {
        "precision": 0.7142857142857143,
        "recall": 0.5333333333333333,
        "f1-score": 0.6106870229007634,
        "support": 150.0
      },
      "EC3": {
        "precision": 0.6162162162162163,
        "recall": 0.6867469879518072,
        "f1-score": 0.6495726495726496,
        "support": 166.0
      },
      "EC4": {
        "precision": 0.6153846153846154,
        "recall": 0.21621621621621623,
        "f1-score": 0.32,
        "support": 74.0
      },
      "EC5": {
        "precision": 0.5432098765432098,
        "recall": 0.46808510638297873,
        "f1-score": 0.5028571428571429,
        "support": 94.0
      },
      "EC6": {
        "precision": 0.5121951219512195,
        "recall": 0.9130434782608695,
        "f1-score": 0.65625,
        "support": 115.0
      },
      "EC7": {
        "precision": 0.9051918735891648,
        "recall": 0.9662650602409638,
        "f1-score": 0.9347319347319347,
        "support": 415.0
      },
      "accuracy": 0.7239263803680982,
      "macro avg": {
        "precision": 0.6640080645254293,
        "recall": 0.6147678888223211,
        "f1-score": 0.6121728373105145,
        "support": 1141.0
      },
      "weighted avg": {
        "precision": 0.7316141812559728,
        "recall": 0.7239263803680982,
        "f1-score": 0.7111080619786238,
        "support": 1141.0
      }
    }
  },
  "loc": {
    "accuracy": 0.8063102541630149,
    "precision_weighted": 0.8231594761622644,
    "recall_weighted": 0.8063102541630149,
    "f1_weighted": 0.7984465424726861,
    "precision_macro": 0.8064394400643723,
    "recall_macro": 0.754898301697167,
    "f1_macro": 0.7632220690604965,
    "confusion_matrix": [
      [
        344,
        26,
        4,
        13,
        2
      ],
      [
        26,
        382,
        1,
        3,
        9
      ],
      [
        25,
        76,
        101,
        4,
        0
      ],
      [
        5,
        7,
        0,
        44,
        1
      ],
      [
        4,
        13,
        0,
        2,
        49
      ]
    ],
    "per_class": {
      "Cytoplasm": {
        "precision": 0.8514851485148515,
        "recall": 0.884318766066838,
        "f1-score": 0.8675914249684742,
        "support": 389.0
      },
      "Membrane": {
        "precision": 0.7579365079365079,
        "recall": 0.9073634204275535,
        "f1-score": 0.825945945945946,
        "support": 421.0
      },
      "Mitochondria": {
        "precision": 0.9528301886792453,
        "recall": 0.49029126213592233,
        "f1-score": 0.6474358974358975,
        "support": 206.0
      },
      "Nucleus": {
        "precision": 0.6666666666666666,
        "recall": 0.7719298245614035,
        "f1-score": 0.7154471544715447,
        "support": 57.0
      },
      "Secreted": {
        "precision": 0.8032786885245902,
        "recall": 0.7205882352941176,
        "f1-score": 0.7596899224806202,
        "support": 68.0
      },
      "accuracy": 0.8063102541630149,
      "macro avg": {
        "precision": 0.8064394400643723,
        "recall": 0.754898301697167,
        "f1-score": 0.7632220690604965,
        "support": 1141.0
      },
      "weighted avg": {
        "precision": 0.8231594761622644,
        "recall": 0.8063102541630149,
        "f1-score": 0.7984465424726861,
        "support": 1141.0
      }
    }
  },
  "func": {
    "accuracy": 0.6643295354951797,
    "precision_weighted": 0.7219958449320247,
    "recall_weighted": 0.6643295354951797,
    "f1_weighted": 0.5993678679663271,
    "precision_macro": 0.5775767660846113,
    "recall_macro": 0.26117015405304084,
    "f1_macro": 0.3089640441822485,
    "confusion_matrix": [
      [
        568,
        1,
        1,
        0,
        0,
        0,
        0,
        0,
        2,
        0,
        0,
        0,
        0,
        9
      ],
      [
        28,
        0,
        0,
        0,
        0,
        0,
        0,
        0,
        0,
        0,
        0,
        0,
        0,
        0
      ],
      [
        25,
        0,
        15,
        0,
        0,
        0,
        0,
        0,
        0,
        0,
        0,
        0,
        0,
        0
      ],
      [
        6,
        0,
        0,
        0,
        0,
        0,
        0,
        0,
        0,
        0,
        0,
        0,
        0,
        0
      ],
      [
        19,
        0,
        0,
        0,
        7,
        0,
        0,
        0,
        0,
        0,
        0,
        0,
        0,
        0
      ],
      [
        3,
        0,
        0,
        0,
        0,
        0,
        0,
        0,
        0,
        0,
        0,
        0,
        0,
        0
      ],
      [
        72,
        0,
        3,
        0,
        0,
        0,
        6,
        0,
        1,
        0,
        0,
        0,
        0,
        0
      ],
      [
        14,
        0,
        0,
        0,
        0,
        0,
        0,
        0,
        0,
        0,
        0,
        0,
        0,
        0
      ],
      [
        82,
        0,
        0,
        0,
        0,
        0,
        1,
        0,
        88,
        0,
        0,
        0,
        0,
        0
      ],
      [
        6,
        0,
        0,
        0,
        0,
        0,
        0,
        0,
        0,
        10,
        0,
        0,
        0,
        0
      ],
      [
        24,
        0,
        0,
        0,
        0,
        0,
        0,
        0,
        0,
        0,
        3,
        0,
        0,
        0
      ],
      [
        1,
        0,
        0,
        0,
        0,
        0,
        0,
        0,
        0,
        0,
        0,
        0,
        0,
        0
      ],
      [
        53,
        0,
        0,
        0,
        0,
        0,
        0,
        0,
        0,
        0,
        0,
        0,
        4,
        0
      ],
      [
        32,
        0,
        0,
        0,
        0,
        0,
        0,
        0,
        0,
        0,
        0,
        0,
        0,
        57
      ]
    ],
    "per_class": {
      "Binding": {
        "precision": 0.6087888531618435,
        "recall": 0.9776247848537005,
        "f1-score": 0.750330250990753,
        "support": 581.0
      },
      "Hydrolase": {
        "precision": 0.0,
        "recall": 0.0,
        "f1-score": 0.0,
        "support": 28.0
      },
      "Isomerase": {
        "precision": 0.7894736842105263,
        "recall": 0.375,
        "f1-score": 0.5084745762711864,
        "support": 40.0
      },
      "Kinase": {
        "precision": 0.0,
        "recall": 0.0,
        "f1-score": 0.0,
        "support": 6.0
      },
      "Ligase": {
        "precision": 1.0,
        "recall": 0.2692307692307692,
        "f1-score": 0.42424242424242425,