{
  "ec_accuracy": 0.8317265556529361,
  "loc_accuracy": 0.8799298860648553,
  "func_accuracy": 0.775635407537248
}