{
  "timestamp": "2026-04-16 21:09:04",
  "models": {
    "bnn": {
      "ec_accuracy": 0.91275,
      "ec_f1_macro": 0.9124534843039962,
      "ec_f1_micro": 0.91275,
      "ec_f1_per_class": [
        0.8292201382033564,
        0.9184466019417475,
        0.8751334044823906,
        0.889990089197225,
        0.905811623246493,
        0.9373737373737374,
        0.971540726202159,
        0.9721115537848606
      ]
    },
    "mlp": {
      "ec_accuracy": 0.9185,
      "ec_f1_macro": 0.9181408378809552,
      "ec_f1_micro": 0.9185,
      "ec_f1_per_class": [
        0.8395061728395061,
        0.9305555555555556,
        0.8747474747474747,
        0.8888888888888888,
        0.9213709677419355,
        0.937625754527163,
        0.9752720079129574,
        0.9771598808341608
      ]
    }
  }
}