{
  "timestamp": "2026-04-16 21:02:02",
  "models": {
    "bnn": {
      "ec_accuracy": 0.92025,
      "ec_f1_macro": 0.9198414203216612,
      "ec_f1_micro": 0.92025,
      "ec_f1_per_class": [
        0.8348717948717949,
        0.9306930693069307,
        0.8854489164086687,
        0.8908212560386474,
        0.9244712990936556,
        0.9429429429429429,
        0.974308300395257,
        0.9751737835153923
      ]
    },
    "mlp": {
      "ec_accuracy": 0.9195,
      "ec_f1_macro": 0.919097512706888,
      "ec_f1_micro": 0.9195,
      "ec_f1_per_class": [
        0.833164812942366,
        0.9272183449651047,
        0.8833849329205367,
        0.888235294117647,
        0.926829268292683,
        0.948948948948949,
        0.9716520039100685,
        0.9733464955577492
      ]
    }
  }
}