{
  "ec_accuracy": 0.8965819478034973,
  "loc_accuracy": 0.9202454090118408,
  "func_accuracy": 0.8317265510559082
}